FIRE_ID,FIRE_NAME,YEAR,ACRES,latitude,longitude
CA3562811905219950529,SHERWOOD,1995,1206.0,35.627071063432986,-119.05320472896393
CA3562411978919950601,46,1995,4654.0,35.62398858705317,-119.79031627178921
CA3684512080419950508,NEES,1995,1160.0,36.844258169929645,-120.80375918845239
CA3502811950619950625,ELK,1995,1810.0,35.026588522801,-119.50785436184061
CA3792612050319950716,PEORIA,1995,3496.0,37.926504554472935,-120.50198579006631
CA3548111875119950717,ROCKY,1995,1837.0,35.48144896551786,-118.7483743000778
CA3568811961119950728,GILBREATH,1995,1373.0,35.68745005639177,-119.61219016992423
CA3498511848219950730,LOPEZ,1995,1627.0,34.98837667527173,-118.48033298100904
CA3400111667419950804,VERBENIA,1995,21601.0,34.011442181922334,-116.67593707904992
CA3920712310319951004,GUNTLEY,1995,2351.0,39.20503018055069,-123.10336745287852
NV4045411630219950720,FRENCHIE FLAT,1995,4844.0,40.45402949862691,-116.30251107221822
NV4039411638319950721,DANN,1995,24206.0,40.386722060444875,-116.38356474706684
NV4117311688619950916,CLOVER,1995,1730.0,41.172283774551815,-116.88892644921648
NV4096611689919950916,IZEN,1995,24423.0,40.996684710573895,-116.90638909993882
NV3690911625319950823,DOENTS1,1995,1826.0,36.910154224481715,-116.25265597673604
NV4177511799219950709,CROWLEY,1995,1064.0,41.77165430877556,-117.99345145529578
NV4074111747919950709,PUMPERNICKEL,1995,1039.0,40.74360660116718,-117.4758068271242
NV4085311940619950916,ROCK CREEK,1995,3019.0,40.85336273042462,-119.40821419966956
NV4072211782319950916,BARBER COMPLEX (JUPITER MINE),1995,4336.0,40.718229223638346,-117.82406390249564
NV4071011789019950916,BARBER COMPLEX (BARBER CANYON),1995,7014.0,40.71380579141672,-117.88717083125817
NV4198111867019950916,DENIO,1995,1261.0,41.98004747850759,-118.66890577269653
NV4160111807219950916,THACKER COMPLEX (THACKER),1995,2616.0,41.596003429886665,-118.07155910383156
NV4180911763419950916,BUCKSKIN COMPLEX,1995,1670.0,41.80999001778617,-117.6310638468322
NV4173411813819950916,THACKER COMPLEX (KINGS RIVER VALLEY),1995,2328.0,41.73449459517588,-118.13407210491854
CA3514312046219951022,TAR SPRINGS WEST,1995,1238.0,35.14480818772124,-120.46397930773362
CA3731712157719951016,ISABEL,1995,3353.0,37.31827940102715,-121.58104568216478
CA3816612072519950917,BEAR MTN. 12,1995,3095.0,38.16581092940094,-120.72488599551724
CA3507312029919950924,UNNAMED,1995,1923.0,35.074271077004866,-120.30132323049487
CA3527111997419950601,SIMMLER,1995,1211.0,35.270230964312724,-119.9730232961479
CA3524811952119950815,HONOLULU,1995,3103.0,35.24502354905947,-119.51819347056664
CA3400611721219950721,PILGRIM,1995,2214.0,34.00885555537847,-117.21360066470932
CA3955612164019951004,HWY 149,1995,1968.0,39.55396707967626,-121.64007836051867
CA3515211854719950829,KELLER,1995,1138.0,35.152094641449665,-118.54723853259779
CA3444211838019951005,FREEWAY FIRE NO II,1995,1200.0,34.44578176610236,-118.37575405252977
CA3259211648919950729,FOREST GATE,1995,1150.0,32.592347371545266,-116.48971239079484
CA3291011701419950716,SYCAMORE,1995,2141.0,32.91179459575037,-117.01321418783226
CA3297311695019950831,POWAY,1995,1738.0,32.97337387286304,-116.9529929653175
CA3394511674219950623,EXCELSIOR,1995,2045.0,33.94672936362757,-116.74025482208815
CA3372111735319950702,NICHOLS,1995,1111.0,33.7215866946232,-117.35322274601292
CA3376211742519950720,DAWSON,1995,4655.0,33.76406143210683,-117.42789351233313
CA3395511661719950722,HWY 62,1995,1197.0,33.955155331621796,-116.61779593954027
CA3354111687619950727,STANLEY,1995,3382.0,33.54349591604325,-116.88088965766823
CA3398911724519950727,RECHE,1995,1174.0,33.99137590533499,-117.24613208406993
CA3730112131619951022,ORESTIMBA,1995,2830.0,37.302565754028706,-121.31690967761593
CA3512212033519951027,BALD,1995,3336.0,35.11995992006692,-120.33414435093297
NV4055011533719950806,BATTLE CREEK,1995,11424.0,40.5497792868692,-115.33467926748386
CA3294111643119950619,BUTTERFIELD,1995,7165.0,32.9391999019119,-116.43211287467318
CA3291411678219950827,EL MONTE,1995,8482.0,32.91307057831276,-116.79601115085784
CA3333911672519951013,WARNER,1995,2671.0,33.33720567849484,-116.74946443685718
CA3738011861319950614,POLE,1995,4077.0,37.3754245098816,-118.61624270130217
CA4163012357719950801,PONY,1995,2191.0,41.62924252640713,-123.57666474764103
CA3432911747119950726,CROWDER,1995,1320.0,34.33102629208376,-117.47254038915749
CA3388811669819950925,APACHE,1995,3652.0,33.88699219053556,-116.69984451802956
CA3400711694619951013,BLUFF,1995,2675.0,34.00788346420943,-116.94048134062325
CA4175312153819951101,SCHONCHIN,1995,1683.0,41.75233452613788,-121.5342526391115
CA3405711630019950731,COVINGTON,1995,5457.0,34.056470485310896,-116.29549339481412
CA3646511869419951011,MINERAL 1,1995,2132.0,36.46457293465307,-118.6963783390749
CA3652411871319951109,CASTLE WF,1995,2792.0,36.523133088629365,-118.72478928067555
CA3501711684319950622,UNNAMED,1995,1068.0,35.015340551552704,-116.84156543808578
CA3766412154019950805,UNNAMED,1995,2158.0,37.66261378666742,-121.53589665981967
CA3428311713419950805,ROUSE,1995,1061.0,34.30406976684675,-117.14398737857613
NV3965011586819950916,MINOLETTI,1995,1456.0,39.655370078515844,-115.84855980445528
CA3256911672719951128,TECATE,1995,2291.0,32.562586936104466,-116.70685626008715
CA3260011673619950830,SYCAMORE,1995,9626.0,32.603460176120265,-116.73020196678128
NV4046511744319950729,BUFFALO,1995,8032.0,40.46429394910903,-117.43718754547866
CA3532711950019950815,MIDWAY,1995,7785.0,35.32592867185198,-119.50366166877299
CA3805012286419951003,VISION,1995,11931.0,38.051446677664124,-122.85047479429407
NV3604411559419970814,UNNAMED,1997,1325.0,36.04477906770263,-115.59210377830632
CA3522611952219970620,MIDWAY COMPLEX,1997,6791.0,35.24613976899393,-119.54112494360501
CA3569011841219970704,TOWER,1997,1536.0,35.690957015817105,-118.41039781879341
CA3562311808819970809,JACKS,1997,5342.0,35.62513360156624,-118.08514881228513
CA3552511899719970810,POSO,1997,2261.0,35.524141862343456,-119.00082085115325
CA3545911887919970819,CHOCKTAW,1997,10234.0,35.45066069679842,-118.88225005279683
CA3518711989619970919,AMERICAN,1997,1609.0,35.18603580357209,-119.8974197844751
CA3937712125219970927,WILLIAMS,1997,6329.0,39.37693794162458,-121.2524963260196
CA3512511973519970608,CENTRWELL,1997,2019.0,35.124200441119356,-119.73601665789738
CA3539811876919970508,COTTONWD 2,1997,2437.0,35.39958486566571,-118.76391883172083
CA3531811949919970519,LOKERN,1997,46139.0,35.31205712115286,-119.49533968702768
CA3393711707119970924,JACK RABBIT,1997,1674.0,33.93607944217763,-117.07392207980742
NV3980511913619970512,TOLBERT,1997,5895.0,39.808625470801424,-119.13338763518944
NV4178311788019970716,SENTINEL,1997,8368.0,41.78863960182689,-117.87542919983528
NV4118711717119970809,TWIN CREEK,1997,1499.0,41.18855324711408,-117.16416143215017
NV3994711918519970809,WARRIOR,1997,3571.0,39.94931591388525,-119.17942070831639
NV4140911777419970810,BUFFALO,1997,1714.0,41.41181766448151,-117.77646640451493
CA3351511728419970620,MESA DE COLORADO VMP,1997,1387.0,33.51704227186854,-117.28111186510415
CA3572112001719970609,UNNAMED,1997,1188.0,35.72108246418224,-120.01487615376176
CA3598111997419970609,UNNAMED,1997,1079.0,35.98140462611215,-119.97602140478166
CA3629712113219970531,UNNAMED,1997,1821.0,36.2976240366027,-121.13100408042648
CA3470612057719971031,HALOWEEN,1997,1154.0,34.706392993681526,-120.57787543301193
CA3471012049419970927,AZALEA,1997,1368.0,34.709178541906766,-120.49434170088703
CA3402711723819970814,SCOTCH,1997,1512.0,34.02746744141083,-117.23633478585555
CA3692411971419970519,GROVE,1997,1501.0,36.92208291655768,-119.71750568386895
CA3553711895319970522,GRANITE,1997,1445.0,35.53866949064328,-118.9559792162944
CA3344711729819970904,MARGARITA,1997,1120.0,33.44791511224724,-117.3048996627266
CA3308411713019970924,DEL DIOS,1997,1207.0,33.08499572118317,-117.12968970277247
CA3352211694319970831,PAUBA,1997,7497.0,33.52297980782421,-116.94647407779065
CA3389911715119970509,BEACH,1997,1685.0,33.897243147871734,-117.15024472107645
CA3463412033019970820,SANTA ROSA,1997,2829.0,34.63136657086975,-120.33034350768804
CA3458412028519970923,RANGE,1997,1285.0,34.583368878827265,-120.28338350405208
CA3419511790819970701,CANYON 2,1997,5173.0,34.192253041593645,-117.9071561218344
CA3433111771019970813,NARROWS,1997,18248.0,34.33987307234918,-117.7092311105426
CA3511312010319970804,LOGAN,1997,49627.0,35.11544400678974,-120.0739469746788
CA3447611881619970805,HOPPER,1997,24072.0,34.4768645727916,-118.8167391739048
CA3417011721119970705,HEMLOCK,1997,4097.0,34.169253741621255,-117.20858343098936
CA3419311714019970913,MILL,1997,1369.0,34.194601416980674,-117.14011215532129
CA3685211871219970806,CHOKE,1997,3433.0,36.84705970146547,-118.7281075263995
CA3616211875819970924,COFFEE,1997,2250.0,36.16211886197124,-118.7620184141557
CA3480011967619970508,UNNAMED,1997,1172.0,34.78959422972487,-119.6590509093112
NV3594011551919970814,UNNAMED,1997,1802.0,35.940640939842424,-115.51789191312565
NV4156911899519970804,SUMMIT,1997,3370.0,41.571549528266225,-118.99285198685939
CA4051412128219970730,HUFFER,1997,2272.0,40.51578770746222,-121.2811581332691
CA3803111984119970918,KIBBIE 2,1997,2481.0,38.031509254178445,-119.84032274929123
CA3782211978619971027,ASPEN VALLEY,1997,1788.0,37.823049597848915,-119.78929787918852
CA3591512124019970718,UNNAMED,1997,1862.0,35.916109023454176,-121.24251116850559
CA4192312151119970212,TULE MARSH,1997,2133.0,41.91827363814362,-121.51461001398059
CA3484011881319970909,OSO,1997,1136.0,34.84231384091466,-118.81038768971067
CA3573212078819970601,UNNAMED,1997,9396.0,35.80676900612639,-120.80048359349063
CA3913312311819971022,NORTH COW,1997,3335.0,39.14699998189277,-123.11527722383786
CA3377611768319971013,BAKER,1997,5568.0,33.76884135487028,-117.69905047981013
NV4053511811619990804,UNNAMED,1999,22484.0,40.53036674233441,-118.12650598022189
NV4044311880219990630,UNNAMED,1999,1458.0,40.44397069204134,-118.80303966234804
CA3545111876719990908,RICH BAR COMPLEX,1999,2209.0,35.44962672524851,-118.76671049719019
CA3433611741319990706,ELLIOT,1999,2305.0,34.339220094657506,-117.41103104826219
CA3260811640619991003,SHOCKEY,1999,3522.0,32.61385196902931,-116.40973165965484
CA3258911644319991008,GLORIA,1999,1625.0,32.588028899235695,-116.44652077965762
CA3975712171519990823,DOE MILL,1999,11590.0,39.77059813371924,-121.70435151073904
CA3964512147619990823,BLOOMER,1999,2814.0,39.643957768613355,-121.47679742766077
CA3953212141419990823,SOUTH,1999,2151.0,39.52939493237074,-121.41587220984394
CA4069312281619990702,LOWDEN,1999,1851.0,40.69286399174521,-122.8147952222682
NV4033611985119990720,DRY,1999,9750.0,40.33331086923595,-119.85171545019841
CA4080012010119990804,RAVE,1999,4870.0,40.80648115129155,-120.07354921541244
CA4059912063019990823,WILLOW,1999,7139.0,40.59773914976557,-120.62176943430228
CA4038412209519990823,SPRING,1999,6597.0,40.382155450151885,-122.11223517743426
CA3880312232819991016,SIXTEEN,1999,37162.0,38.81429780664286,-122.32781939574696
NV3984111739119990804,NEW PASS COMPLEX (NEW PASS-ANTELOPE),1999,172226.0,39.836115486247174,-117.39790157500242
NV4059711672719990804,MULECANYON,1999,17331.0,40.593914851008016,-116.7242196259888
NV3994911652819990805,EUREKA COMPLEX (TRAIL CANYON),1999,106236.0,39.98651785427488,-116.49293945708446
NV4016811679419990818,FILIPINI,1999,1110.0,40.16922270365741,-116.79416663503504
NV4015511735419990818,MOSES COMPLEX (BLITZ),1999,7785.0,40.15956114473443,-117.34769032056495
NV3965111978019990624,RESERVOIR,1999,4787.0,39.65353165673403,-119.78027172148877
NV3956911959919990704,PAH RAH,1999,10080.0,39.564686414531074,-119.60246049376134
NV3919111813119990722,SANDSPRGS,1999,16246.0,39.19952054133585,-118.1263241606853
NV3963411947819990803,WILCOX,1999,7219.0,39.6333361687971,-119.47047936476774
NV3959011827119990805,NEW PASS COMPLEX (POCO),1999,5559.0,39.59072571576252,-118.26874304742624
NV3955611836219990805,SHIRTTAIL,1999,11976.0,39.54803180160005,-118.3635870044245
NV3979611769919990805,NEW PASS COMPLEX (SHOSHONE),1999,7119.0,39.79162522493092,-117.70415930768061
NV4003311984019990823,FISH COMPLEX (FISH SPRINGS),1999,47030.0,40.02109709191974,-119.83538691594194
NV3977611985219990824,RED ROCK,1999,7125.0,39.76995509342837,-119.85064373597082
CA3981512008819990906,CEMETERY,1999,3758.0,39.81602307230619,-120.08907651318572
NV4079611590019990703,HUNTER,1999,4713.0,40.79755581182023,-115.89593009791653
NV4108611692019990708,CLOVER,1999,72638.0,41.10274087616283,-116.92218766924064
NV4078311629819990711,SOAP,1999,1782.0,40.78329455970953,-116.29635383742108
NV4067411604219990718,RAIN,1999,21939.0,40.67959468772845,-116.03433617824385
NV4021911579919990718,RAILROAD PASS,1999,3070.0,40.22151711000244,-115.7957445633085
NV4093911702219990804,IZZENHOOD,1999,28424.0,40.93135711090662,-117.03531750558216
NV4048811570719990804,HENZEL,1999,2608.0,40.48735681735056,-115.70611347295431
NV4034111594019990805,SADLER COMPLEX,1999,183908.0,40.37579988095071,-115.92517005260513
NV4049411640819990804,FRENCHIE,1999,55277.0,40.50936994049686,-116.40196615090701
NV4064411630819990806,ROSE,1999,48365.0,40.646483364212884,-116.30882325579279
NV4051411577719990819,DIDO COMPLEX,1999,3724.0,40.51641699148908,-115.77726123264469
NV4083011632019990819,WELCHES CREEK,1999,10977.0,40.826570908698876,-116.32435741270486
NV4015911612019991001,MINERAL,1999,22107.0,40.167435675378385,-116.1208456512005
NV4149411531619991024,HANKS CREEK,1999,1515.0,41.493687151101774,-115.31570561071051
NV4166711817819990627,KINGS RIVER,1999,1012.0,41.66413310935509,-118.17830197935
NV4195811760319990629,HOUSE 80,1999,1786.0,41.95903441109314,-117.60333368512525
NV4062411784719990711,LANG SYNE,1999,22651.0,40.62851363530941,-117.84854395401834
NV4077311800919990804,DUN GLENN COMPLEX (COSGRAVE),1999,31780.0,40.75259994272902,-117.98642989318137
NV4034111811419990805,DUN GLENN COMPLEX (RODCHESTER),1999,12932.0,40.33384374115636,-118.11119484663156
NV4114511803919990804,SOMBRERO,1999,128143.0,41.11465008949741,-118.06714485712861
NV4050111851919990804,DUN GLENN COMPLEX (POKER BROWN),1999,236451.0,40.50348016290631,-118.52182530733046
NV4175311853719990804,JUNGO COMPLEX,1999,77045.0,41.73351201977277,-118.5086326636332
NV4037611762919990804,SIARD RANC,1999,2373.0,40.37288052957915,-117.63058881050019
NV4143011696219990805,CHIMNEY,1999,33601.0,41.43662430625102,-116.94275437799267
NV4081411813419990806,DUN GLENN COMPLEX (EUGENE),1999,12851.0,40.80630123572641,-118.14545788103982
NV4105511739819990806,CORRIDOR COMPLEX (LONE BUTTE),1999,33570.0,41.06782804861522,-117.37937518154499
NV4093511794019990804,DUN GLENN COMPLEX (THE CYANCO),1999,10102.0,40.93787261826535,-117.93927957360658
NV4048111756319990804,DUN GLENN COMPLEX (GRASS VALLEY 1),1999,11898.0,40.47743001211337,-117.5595099255187
NV4132211765719990818,JUNCTION 290,1999,1335.0,41.3216928580923,-117.65870384874461
NV4183111859919990819,VIRGIN CREEK,1999,1550.0,41.82929521016722,-118.602257361945
NV4196811857819990804,DENIO N,1999,1480.0,41.969374118995376,-118.57808712650761
NV4075011813819990823,TUNGSTEN,1999,1827.0,40.75035905446784,-118.13990426501148
NV4165011862419990824,PASS CREEK,1999,8998.0,41.653853129095694,-118.6176906521029
NV4083311864219990804,KAMMA,1999,3039.0,40.83313156911513,-118.6468922196025
NV4053011891319990910,DEAD HORSE,1999,1771.0,40.526462729668594,-118.91465640030344
CA3581412079719990611,UNNAMED,1999,9220.0,35.81544339073451,-120.79671878567883
CA3656512122619990817,ZEGREGEN,1999,1943.0,36.56511471179877,-121.22423336938041
CA3489011892119990726,UNNAMED,1999,1062.0,34.88723641845578,-118.91904498988724
CA4035012205319990605,UNNAMED,1999,1240.0,40.348253723398486,-122.0558713337284
CA3983712174919990823,MUSTY,1999,16846.0,39.83606010185451,-121.75334453137091
CA3985912169919990822,WOODLAND,1999,1031.0,39.85774352132917,-121.69973659473287
CA3679011947219990713,WATTS,1999,1282.0,36.78944244225442,-119.47160243475675
CA3455211818619990829,SHANNON,1999,3554.0,34.55192407599579,-118.18369221000273
CA3888112225619990928,RUMSEY,1999,3084.0,38.88154245646753,-122.25619307730703
CA4145612142719990522,BELL WEST,1999,1746.0,41.46994455052899,-121.40901347673541
CA3710712109719990618,ROMERO,1999,1863.0,37.10778117738336,-121.10186468785648
CA3269211691819990930,PROCTOR,1999,1548.0,32.693770904230526,-116.91900385479214
CA4162412008719990925,LAKE2,1999,2996.0,41.615086018342716,-120.07623410267126
CA4010712242519990622,RED,1999,1641.0,40.10765732412458,-122.42578557129521
CA3993612261019990711,PELLOWS,1999,1166.0,39.93563373413322,-122.61062165205006
CA4014112227019990823,PASKENTA,1999,1013.0,40.140105976746,-122.26756169337251
CA4030412219519990823,JELLYS 2,1999,1703.0,40.30576421029367,-122.17292047255972
CA3446111872819990717,HOLSER,1999,2528.0,34.45473682093893,-118.73294646488513
CA3431211904219991204,BRADLEY,1999,3256.0,34.307658232460575,-119.0425546348593
CA3800711984219990816,NORTH PARK COMPLEX (ELEANOR),1999,2494.0,38.00782018653976,-119.83883638190325
NV4061611532119990805,BAXTER,1999,1822.0,40.62138610106598,-115.31891943788571
NV4140911774319990813,ANDORNO,1999,2260.0,41.41028271239106,-117.73952114403768
NV4187611740319990817,EAST QUINN,1999,1079.0,41.87619980240577,-117.40263678273652
NV4017911566219990818,MITCHELL CREEK,1999,2834.0,40.18238622374172,-115.6649075989145
NV3829211543619990828,SELLEM,1999,8141.0,38.292886071456856,-115.43636200493046
NV4190411561219990909,BRUNEAU,1999,1132.0,41.90489812785369,-115.61227142386066
CA3423911786619990829,BRIDGE,1999,6845.0,34.23973087504575,-117.86528712437406
CA3289611642519990814,LAGUNA 100,1999,4586.0,32.90126624075151,-116.40507907296288
CA3327311679219990930,LA JOLLA,1999,7231.0,33.27447510286287,-116.79717584021171
CA3693711828819990330,DIVISION,1999,3311.0,36.936060471228615,-118.2899547341104
CA4175212334019990724,EAST,1999,1287.0,41.75277712335377,-123.34059372056983
CA4028412194519990823,TEHAMA-GLENN COMPLEX (DEHAVEN GULCH),1999,17247.0,40.28150776402764,-121.93772391236678
CA4017912180419990928,GUN 2,1999,61203.0,40.17599941480769,-121.82082108731004
CA3502111998319990718,SPANISH,1999,14518.0,35.01913603283556,-119.98519835694692
CA3605412146419990913,KIRK COMPLEX (HARE),1999,43054.0,36.05328700755202,-121.46111485105413
CA3627912162519990909,KIRK COMPLEX (FIVE),1999,36162.0,36.27935212635779,-121.63454481589885
CA3445711915319991221,RANCH,1999,4011.0,34.45895190075516,-119.1552387833588
CA4177812162219990823,YELLOW PINE COMPLEX (YELLOW),1999,3829.0,41.77993512061076,-121.62113750603044
CA3988512131319990823,MHRD COMPLEX (BUCKS),1999,34459.0,39.891914413433604,-121.29874967451154
CA3983412102119990823,MHRD COMPLEX (PIGEON),1999,4810.0,39.830370393998365,-121.02301764095807
CA3984912109419990823,MHRD COMPLEX (LOOKOUT),1999,2635.0,39.85154702612881,-121.09040695018726
CA3970712103719990823,FRRD COMPLEX (DEVILS GAP),1999,1553.0,39.706351135951536,-121.03711184469603
CA3962812129919990823,FRRD COMPLEX (BEAN),1999,1914.0,39.626979537670586,-121.300508652129
CA3989112033819990824,MHRD COMPLEX (HORTON 2),1999,4053.0,39.8937851336517,-120.3356221001264
CA3437511753019990725,TURTLE,1999,3787.0,34.368810655481,-117.52583534799923
CA3434511710619990828,WILLOW,1999,63525.0,34.349923255271925,-117.07611983264611
CA3368011672119990828,MIXING,1999,3570.0,33.68180155248726,-116.7228010377134
CA3385911680919990828,PINE,1999,1901.0,33.860011244548005,-116.8141259846992
CA4087512243119990823,SUGAR,1999,5084.0,40.87219124131054,-122.42614018421718
CA4096712232419990823,HIGH COMPLEX,1999,3292.0,40.96844341593233,-122.32112044539922
CA4084112245519990823,JACKASS,1999,5477.0,40.83453190041961,-122.44756600365315
CA4088312338819990823,BIG BAR COMPLEX (ONION),1999,16742.0,40.88084139698214,-123.381916765449
CA4088012247819990823,SHEEP 1,1999,2617.0,40.87944942799742,-122.47438840813871
CA4097312250819990823,REPTILE,1999,1817.0,40.97364478338277,-122.5084465728432
CA4091212248019990823,LUNCH,1999,2039.0,40.91241415149335,-122.4790008863876
CA4078612244619990823,BOHEMOTASH,1999,5683.0,40.77576883147633,-122.43741082716716
CA4065212222819991016,JONES,1999,26818.0,40.61395486919425,-122.24080175039444
CA3844211991219990810,HIRAM,1999,2823.0,38.44096889377985,-119.91083340923736
CA3784511998419990823,PILOT,1999,3831.0,37.84190856873308,-119.98835340407045
CA3946112111419991016,PENDOLA,1999,4041.0,39.4563874322836,-121.11666687186393
CA4083812250819990908,UNNAMED,1999,12403.0,40.83640805174721,-122.50238952527286
NV4166711923519990824,BADGER,1999,40247.0,41.66783123940604,-119.2403316811363
CA3403611632719990617,JUNIPER COMPLEX (JUNIPER),1999,1828.0,34.0387262958162,-116.32783231472362
CA4175912146419991102,3 SISTERS,1999,4408.0,41.76195056956631,-121.46256655418226
CA4046112240819990926,CANYON,1999,2587.0,40.467781286367924,-122.40559010346706
CA4176612101619990822,PINE,1999,24124.0,41.76480917213085,-121.07587897217657
CA3419511873719990114,SHEPHERDS FLAT,1999,1160.0,34.19329875998328,-118.73559959740984
CA3398411985619990615,CHRISTY,1999,1448.0,33.99802477336156,-119.86344288134835
CA3683111865519991003,LEWIS CREEK,1999,3719.0,36.853277433508936,-118.6743254646334
CA3794011965019990810,NORTH PARK COMPLEX (LECONTE),1999,8813.0,37.94187677080396,-119.64555453211345
NV3943111968419990708,UNNAMED,1999,2630.0,39.4335635445381,-119.68308904921287
NV3951011950319990724,UNNAMED,1999,15703.0,39.50751628682632,-119.51336460485447
CA4023012202019990816,UNNAMED,1999,1075.0,40.22916473780044,-122.02055207865482
NV4020011544619991016,UNIT 3 NGR,1999,1001.0,40.19805736340667,-115.44701182301088
NV3990511927419991126,PIUTE,1999,1714.0,39.73831011609534,-119.24944920287777
NV4007011712019990804,CEDAR 2,1999,8588.0,40.068689010019106,-117.11708951386825
CA3941612120119991016,PENDOLA,1999,7727.0,39.416384707302996,-121.19671649261075
CA3764111959219990711,LOST BEAR,1999,2441.0,37.63560156858518,-119.586565501562
CA4104812343519990823,MEGRAM- ORLEANS,1999,125337.0,41.02476662762797,-123.45857213815766
CA4029612214019990823,INKS,1999,6200.0,40.307238734368035,-122.10925875893317
CA3775711947019991106,LOST VALLEY,1999,1017.0,37.75851592474257,-119.46951632483434
CA3401011623119990527,JUNIPER COMPLEX (FIRE #3),1999,13479.0,34.01373446625706,-116.22985860800429
NV3998911965720010524,WARRIOR,2001,7151.0,39.98765585784886,-119.65319437777299
NV4074311759720010831,UNNAMED,2001,55255.0,40.75402251380732,-117.5849018067307
CA3905812092020010827,PONDEROSA,2001,3064.0,39.06339171034413,-120.92207764180516
CA3821812062320010818,LEONARD,2001,5266.0,38.21971043662322,-120.62234964665232
CA3791711895020010812,CRATER,2001,5558.0,37.92598678760828,-118.94351617370803
CA4081012072720010726,GRASSHOPPER,2001,1101.0,40.8118861701579,-120.72488688218577
CA4039512072520010527,DEVIL,2001,4620.0,40.39432276921659,-120.72314120074172
CA4042012031420010808,SHAFFER,2001,1216.0,40.42066445322579,-120.30943498808472
CA4073412017820010809,OBSERVATION,2001,67432.0,40.74266538405403,-120.13962894358231
NV4136211992020010810,BUZZ,2001,2497.0,41.363624003142036,-119.91783045586949
NV4118411702820010812,RANCH,2001,7920.0,41.183639864217064,-117.0323251540588
NV4003611999320010809,FISH,2001,21860.0,40.03367729310465,-119.98420784103195
NV4129211535520010703,ISOLATION COMPLEX (ISOLATED),2001,14785.0,41.299989644332705,-115.35762945208684
NV4144711568620010703,ISOLATION COMPLEX (DOUBLE MOUNTAIN),2001,3733.0,41.451981507911164,-115.68410710256248
NV4084811610520010704,MAGGIE CREEK,2001,12814.0,40.850316975278844,-116.11129962232405
NV4114811712320010704,UPP CLOVER,2001,10946.0,41.15372493417522,-117.1383254540764
NV4139511688220010720,WEST LITTLE HUMBOLDT,2001,1722.0,41.39430637746743,-116.88014363588692
NV4141511502620010725,TABOR CREEK,2001,7703.0,41.41024467074809,-115.02670718938302
NV4137911541220010803,STAG,2001,21314.0,41.37101700143912,-115.41913002399212
NV4094011650920010808,RODEO CREEK,2001,5812.0,40.94121554290972,-116.51099427125865
NV4077411679420010809,SHEEP,2001,85110.0,40.78698501162627,-116.78864120106624
NV4110011620420010812,COYOTE CREEK,2001,12818.0,41.10097187580395,-116.21166107780267
NV4130911671420010812,BUFFALO COMPLEX (BUFFALO),2001,22917.0,41.31663830748891,-116.69870021221237
NV4044111607920010812,BAILEY,2001,1300.0,40.44211149633232,-116.07889522358276
NV4111111669020010812,BUFFALO COMPLEX (HOT LAKE),2001,73798.0,41.079493159268104,-116.70452299800047
NV3877311499620010714,SIX MILE,2001,1061.0,38.77671305946472,-114.99537603470313
NV3992711559820010804,WATER CANYON,2001,3008.0,39.93119210821744,-115.59479615429053
NV3987511526320010826,ROBISONWEL,2001,1990.0,39.87388757898044,-115.26464694708929
NV3929811508720010827,REPEATER,2001,1153.0,39.29802776404204,-115.08786106972491
NV4051111821720010703,STANDARD,2001,1388.0,40.51162723602919,-118.21683909789982
NV4073511746320010704,TIPTON,2001,2101.0,40.73634739149466,-117.46398249749011
NV4015211754320010705,GOOSEBERRY,2001,3059.0,40.156140575573346,-117.54286111235255
NV4069411907920010809,DRY MTN,2001,2558.0,40.69309160232625,-119.08055378518607
NV4046411955220010810,BULL BASIN,2001,1889.0,40.46072485500517,-119.54510724652327
NV4048211779820010812,SPAULDING,2001,76332.0,40.474642511222235,-117.79119859536964
NV4107011762520010812,LAMBERT ROAD,2001,4784.0,41.06954554815621,-117.63023467856284
NV4049611921320010812,KUMIVA,2001,2191.0,40.4977483434178,-119.20847899787678
NV4068511789620010812,WILLOW TREE,2001,5890.0,40.685739827554386,-117.90340886310561
NV4085411817720010812,GOLDEN EAGLE,2001,3149.0,40.85302742301913,-118.17550892525178
NV4043511813720010812,PERU,2001,1510.0,40.433755496554696,-118.13809603035729
CA3665612136520011010,MCPHAILS PEAK VMP,2001,1324.0,36.65700602313777,-121.3660739950314
CA3709512117120010713,UNNAMED,2001,1636.0,37.09517441195901,-121.17365576070706
CA3818712077320010713,UNNAMED,2001,1075.0,38.18477016742745,-120.77357341767227
CA3826112094020010613,JACKSON,2001,2293.0,38.261637467271264,-120.94035100221096
CA3970212148820010906,POE,2001,8447.0,39.70281885364859,-121.4847479842752
CA3975112148120011024,HIGHWAY 70,2001,1654.0,39.74831660723293,-121.48055030559397
CA3450211865020010827,SLOAN,2001,1788.0,34.502804814732315,-118.64897760430608
CA3396111727920010623,WATKINS,2001,1506.0,33.962820968107536,-117.28005307545082
CA3401911723520010722,RECHE,2001,1859.0,34.01677749197506,-117.23753062323246
NV4080211504520010704,EGBERT,2001,2215.0,40.800978205530676,-115.04235024812478
NV3908711525520010727,SMITH CREEK,2001,1779.0,39.08569063475659,-115.25534987642249
NV4187811558620010809,MURPHY,2001,7798.0,41.88133619378006,-115.57821494013906
NV4194511755820010810,QUINN RIVER,2001,1226.0,41.94380764582104,-117.55827854197892
NV4098911521920010812,STARR VALLEY,2001,1199.0,40.99184024945525,-115.22226412885247
NV4168911761620010817,UPPER WILLOW,2001,40996.0,41.70108324835538,-117.62120764411081
NV3827811540320010828,SCHOFIELD,2001,1050.0,38.277818308002836,-115.40178357722233
NV3936512000020010617,MARTIS,2001,14526.0,39.35711216668916,-119.99621149365457
CA3449311849520011012,STABLES,2001,6726.0,34.49242234128469,-118.49728831884218
CA3909912049020010825,STAR,2001,16846.0,39.10278614963776,-120.48725593477022
CA3777211886020010702,MCLAUGHLIN,2001,2586.0,37.775076615586094,-118.85937626010903
CA4186812276120010509,JONES,2001,1257.0,41.86813111758144,-122.76236342218264
CA4162512353920010915,HAPPY CAMP COMPLEX (SWILLUP),2001,8723.0,41.62507265422328,-123.53781355299101
CA3939912270520010808,TROUGH,2001,25270.0,39.39909500609332,-122.70201344335331
CA4184912111220010703,CLEAR,2001,4866.0,41.84640999612211,-121.11160417784663
CA4190312084820010809,MODOC COMPLEX (ROCK),2001,1735.0,41.90099612889367,-120.8493459466667
CA4118212024620010809,BLUE COMPLEX (BLUE),2001,30803.0,41.182930967182145,-120.24255220864457
CA4172312096320010810,MODOC COMPLEX (BELL),2001,3156.0,41.72342669885266,-120.9619722324881
CA4018312060620010726,STREAM,2001,3667.0,40.18047685252542,-120.62092940657354
CA3417011706520010614,HEMLOCK,2001,1113.0,34.17689197576038,-117.05202045230855
CA3678111908920010703,HIGHWAY,2001,4153.0,36.780474038753475,-119.08852974355712
CA4074312296820010828,OREGON,2001,1760.0,40.74241306392337,-122.96841512051047
CA4057812322220010831,HYAMPOM,2001,1188.0,40.577689199464835,-123.22381046575376
CA3726411948120010820,NORTH FORK,2001,4154.0,37.2656267722983,-119.48070033679835
CA3777412023620010818,CREEK,2001,9793.0,37.77193469787504,-120.23243450537683
CA3819512030720010905,DARBY,2001,14734.0,38.197330658770575,-120.3080324981884
CA3930112062620010812,GAP,2001,2385.0,39.30062362080229,-120.62304929771877
CA3722512083420010613,165,2001,1797.0,37.22172428496546,-120.83070224875893
CA3260811660120011208,BELL,2001,3700.0,32.610916097788575,-116.59848979989526
CA3279711673520010103,VIEJAS,2001,10942.0,32.79510739439249,-116.74435593245559
CA3695911870020010730,BURNT,2001,1913.0,36.95922792446843,-118.70251581427017
CA3766311948220010710,HOOVER COMPLEX (HOOVER),2001,9163.0,37.66217080594167,-119.48039741774919
NV4190511923520010427,TRIANGLE,2001,1671.0,41.90244539412068,-119.23326045960921
NV4184611965020010926,ESCARPMENT,2001,1071.0,41.85236068077624,-119.66026381723542
NV4125211701820010812,MIDAS,2001,8562.0,40.704229596884126,-116.45212582792232
NV4086511586420010904,SHALE,2001,1223.0,40.884310249805075,-115.86241947343552
CA3633711886620011011,GRANITE VMP,2001,1287.0,36.338284606421645,-118.8692229377987
NV4023011546920011026,N MARSH,2001,1653.0,40.22612029797996,-115.4689549850353
NV4003511511320010813,BUTTE,2001,5330.0,40.0374165625078,-115.10490018835604
NV4103011783120010810,KRUM,2001,12221.0,41.03060381222939,-117.83148462902051
CA3262111684920031026,MINE/OTAY,2003,37232.0,32.610172394272304,-116.8470185595656
CA3380211688020030725,CANYON,2003,4427.0,33.80369969248701,-116.88169213879688
CA4033712044320030702,A-3,2003,1153.0,40.33318115183016,-120.44401698747554
CA3976112013320030720,CHILCOOT COMPLEX,2003,5763.0,39.748403601153555,-120.10024147079878
CA4125312008820030731,BARBER,2003,1420.0,41.2487609152639,-120.08510373898005
CA3883112245320030903,MORGAN,2003,2464.0,38.83169005139995,-122.4547872225487
NV4199411538220030728,WILKINS,2003,4927.0,41.98495447657955,-115.38262054810322
NV4087311584620030717,SCHELL,2003,1842.0,40.873057469165964,-115.84487878644207
OR4200112086920030517,STATELINE,2003,2931.0,42.00077875503713,-120.87272730422818
CA3518011847820030721,UNNAMED,2003,1320.0,35.18156091910882,-118.4833433984723
CA3341411738220031021,ROBLAR 2,2003,8775.0,33.41229342333651,-117.39152097461437
CA3338811658220030716,COYOTE,2003,19215.0,33.393520959472724,-116.58685651648494
CA3293911676620031025,CEDAR,2003,268362.0,32.93213746655984,-116.79434016741332
CA3320411691620031026,PARADISE,2003,55995.0,33.211803892496704,-116.92380310112543
CA3531111866520030617,CALIENTE,2003,1246.0,35.312545260449994,-118.66585816542351
CA3485211888620030630,TEJON,2003,1195.0,34.851076293247765,-118.88781570188205
CA3490211891020030720,GRAPEVINE,2003,1955.0,34.905300358815545,-118.91034099521141
CA3442611871620031024,VERDALE,2003,8483.0,34.42873694615779,-118.71757917565651
CA3891612228220030903,FORTY,2003,1311.0,38.91479391216639,-122.28240759649522
CA3448011886120031023,PIRU,2003,63920.0,34.477801320606865,-118.86324119233112
CA4174312132820030726,ACKLEY,2003,10231.0,41.74573888285431,-121.32534229355176
CA3709612116720030616,152,2003,1703.0,37.096208541921776,-121.16680929267102
CA3687712096320030630,I-5,2003,1101.0,36.875082484607006,-120.96542130796188
CA3363811696720030704,STAGE,2003,2005.0,33.642285668266894,-116.95460792743309
CA3398211716420030818,LOCUST,2003,1915.0,33.98560728454819,-117.16563470980502
CA3399611725720031021,PASS,2003,2456.0,33.9946200603493,-117.25777777948431
CA3360111698220031026,MOUNTAIN,2003,10630.0,33.602576945296406,-116.98614586223312
CA3440311910020030903,ADAMS CANYON PHASE 1,2003,1233.0,34.40599175737153,-119.09791893385733
CA3743212140220030720,DEL PUERTO,2003,6441.0,37.4300405308302,-121.40162174248968
CA3749212157220030827,DEVIL,2003,4975.0,37.490008407995376,-121.56660554006817
CA3738712152220030827,JUMP,2003,4817.0,37.38761890009884,-121.52146903774795
CA3723012124520030827,ANNIE,2003,17383.0,37.22642319806488,-121.24863459066431
CA4063112184820031027,WHITMORE,2003,1238.0,40.629222309901486,-121.85408428571104
CA3541612046820030720,PARKHILL,2003,1258.0,35.41809162772574,-120.4679819469709
CA3504112020920030810,CHIMNEY,2003,1275.0,35.041418896214914,-120.2093616701845
CA3433511879220031025,SIMI,2003,107756.0,34.32639324295319,-118.7800091102967
CA3805111986720030729,KIBBIE COMPLEX,2003,6657.0,38.05449601390654,-119.86108161407992
CA3598812130020030804,UNNAMED,2003,2711.0,35.98748708599348,-121.29805256973779
NV3956611988420030714,ROBB,2003,2311.0,39.567562636624366,-119.88022421126622
CA3456411829420030724,HAUSER,2003,2139.0,34.57010610580083,-118.28932067321061
CA3417311768920031025,PADUA,2003,10577.0,34.174383726837135,-117.69150387537225
CA3782011879420030902,DEXTER WFU,2003,2414.0,37.82176682607309,-118.79543852103717
CA3953112272720030903,GRINDSTONE COMPLEX (HAPPY CAMP),2003,2122.0,39.53068849221474,-122.72511397087321
CA3950412282120030903,GRINDSTONE COMPLEX (DEAFY),2003,4903.0,39.50378098455248,-122.81776393073037
CA3963412282820030928,SPANISH,2003,6384.0,39.63398676676027,-122.8282413503481
CA3417611717320030905,BRIDGE,2003,1181.0,34.17591151570528,-117.17276234065314
CA3418611747320031021,GRAND PRIX,2003,50799.0,34.20572161919059,-117.5235175920868
CA3424711728420031025,OLD,2003,90180.0,34.23621425541253,-117.23960978816832
CA3543011843920030723,BASIN,2003,1051.0,35.430322471508326,-118.4361466222987
CA3634711853120030801,COONEY WFU,2003,1793.0,36.34948760019335,-118.5323065609608
CA3611811821020030903,ALBANITA AND HOOKER,2003,4946.0,36.12167262666279,-118.21135273034203
CA3633511841320030824,KAWEAH-KERN COMPLEX (WEST KERN),2003,7366.0,36.34072717993764,-118.41715203206768
CA4078912330120030914,LOMA,2003,3728.0,40.78450759963295,-123.30166993231177
CA3814611990020030720,MOUNTAIN COMPLEX,2003,4033.0,38.14853690369754,-119.89258083742328
CA3838211998820030831,WHITT,2003,1140.0,38.38363042793399,-119.98652712496974
CA3844311994420030831,MUD WFU,2003,4457.0,38.43907649087645,-119.94237330555332
CA3332411665620030612,UNNAMED,2003,2714.0,33.3245515771505,-116.65581684265912
CA3404411887320030106,PACIFIC,2003,1073.0,34.04354814210348,-118.87080839791832
CA4170012150720030506,S.BOUNDARY,2003,1431.0,41.699924521639474,-121.50812910431291
CA3646711868820030625,ATWOOD,2003,2440.0,36.467325724527704,-118.68345535451394
CA3670911869520030728,KAWEAH-KERN COMPLEX (WILLIAMS),2003,3530.0,36.71181708676083,-118.6881773193228
CA3648711874620030927,KAWEAH-KERN COMPLEX (PARADISE 2),2003,1308.0,36.48399112428247,-118.75023562273496
CA3785511958820030731,DUNCAN COMPLEX (WHISKEY),2003,1107.0,37.855246929671225,-119.5868275716895
CA3784611972820030831,KIBBIE COMPLEX (TUOLUMNE),2003,3361.0,37.84695511045664,-119.72755075753932
CA3589512121720030703,UNNAMED,2003,1586.0,35.90463388803316,-121.2320038552354
CA3591912122720030820,UNNAMED,2003,1205.0,35.92023885603376,-121.22966275603326
CA3592612117620030703,UNNAMED,2003,2252.0,35.92287342221261,-121.1699378669291
CA3593612115120030524,UNNAMED,2003,1595.0,35.94287404185025,-121.15403134376956
CA4062512025120031015,SECRET,2003,1126.0,40.63037047108365,-120.24203262182796
CA4070012000420030721,SMOKE,2003,7807.0,40.69655285709962,-120.00175874127017
CA3621511813520030827,SUMMIT COMPLEX,2003,6370.0,36.229231006922994,-118.13806932795625
CA3755112133520030601,BIRD,2003,7727.0,37.55111556954653,-121.33569691236991
NV3801311843520030618,SAGEHEN,2003,1062.0,38.017275458469996,-118.43108839428797
CA4025912391820030903,CANOE,2003,10881.0,40.27999001283407,-123.9399889705296
NV4183411623119960827,PETAN/DRY,1996,23517.0,41.83048549121992,-116.22531793800069
CA3514011979419960622,UNNAMED,1996,1604.0,35.1405891368993,-119.79545507901437
CA3663112067819960415,PANOCHE,1996,1716.0,36.63305980525142,-120.6785063962452
CA3600012004119960427,SKYLINE,1996,21694.0,35.99490435017613,-120.04538223571373
CA3657512062719960427,PANOCHE II,1996,14760.0,36.57044841554183,-120.61921368993995
CA3520911991019960520,OVERLOOK,1996,2901.0,35.207963508986886,-119.91181054749889
CA3526211986019960523,SEVEN MILE,1996,2716.0,35.25871385936123,-119.86187814612241
CA3580712001619960522,HWY 33 II,1996,3354.0,35.8087471066962,-120.02013465601144
CA3539611888419960523,MESA COMPLEX,1996,5492.0,35.40822632626004,-118.9131424451775
CA3543511876119960604,CANYON,1996,3486.0,35.434153230011816,-118.75914018408322
CA3547911890919960617,ROUND MOUNTAIN,1996,2506.0,35.4826609987791,-118.90655719076834
CA3686312082419960618,MERCY,1996,16993.0,36.84350696901132,-120.81308904945891
CA3570511963519960704,GOOSE,1996,1667.0,35.704990748567944,-119.63556985278267
CA3858211952919960708,WALKER COMPLEX,1996,2593.0,38.5831748128232,-119.53114614504193
CA3567411959619960719,GILBRETH,1996,4685.0,35.67400271383808,-119.59643108708232
CA3558911856419960801,BOREL,1996,2760.0,35.59257469749794,-118.57163956186336
CA3535211954719960808,AIRPORT 2,1996,1059.0,35.34887675567342,-119.54640721274751
CA3649311886619960813,KAWEAH,1996,4590.0,36.495526118681795,-118.86647049980539
CA3830512043119960812,RIMROCK,1996,2698.0,38.30420573514766,-120.43440218792568
CA3502311937719961028,WESTFIELD,1996,1478.0,35.023280793546,-119.37661708961939
CA3494811847319960723,WHITEOAK,1996,8404.0,34.94629899014151,-118.47362237898353
CA3457511701819960503,BARSTOW,1996,1060.0,34.5757784954556,-117.01897794351481
CA4034212045819960702,BYERS,1996,1180.0,40.34258439648031,-120.46165787790436
CA3913212309919961203,96 N. COW,1996,3616.0,39.12389225901466,-123.09876643706824
NV3753211750619960610,RAILROAD,1996,1093.0,37.529409106825284,-117.50405605960974
NV3992211682219960725,DRY,1996,2103.0,39.919681020662765,-116.81954948635408
NV4016511743619960813,JERSEY,1996,1588.0,40.16102874813053,-117.42460534777639
NV4046911673219960826,UPPER HUMBOLDT COMPLEX (SLAVEN 2),1996,36933.0,40.46360066533313,-116.73558388908125
NV3998111649119960920,MUD,1996,2024.0,39.981072612153895,-116.48697414499041
NV3906611944019960704,SUNRISE,1996,3319.0,39.06575384019084,-119.43901439167466
NV3983211945019960708,NIXON,1996,2163.0,39.82851409595963,-119.44899625917418
NV3932211784119960910,SEAL,1996,4082.0,39.322819119003164,-117.84158550642859
NV4084111689619960607,SHEEP COMPLEX,1996,3041.0,40.8387275958323,-116.8944677455031
NV4059711562319960813,LEE,1996,1278.0,40.595761961643426,-115.61990219775738
NV4083911614119960814,GOLD QUARRY COMPLEX (GOLD QUARRY),1996,5425.0,40.84032818190335,-116.13648253305712
NV4078611593419960814,GOLD QUARRY COMPLEX (TUNNEL),1996,6668.0,40.79483339793853,-115.95759092158839
NV4087011604519960814,GOLD QUARRY COMPLEX (SUSIE),1996,12901.0,40.86526206608196,-116.04585219342837
NV4133111686819960826,OREGON,1996,11665.0,41.334509373352326,-116.8633193404789
NV4088411629219960826,GOLD Q 2,1996,1218.0,40.8838413238433,-116.29546038208038
NV4016411649019960826,BUCKHORN 2,1996,2383.0,40.16398483713878,-116.48789367087461
NV4084511632519960826,UPPER BOULDER,1996,3591.0,40.844386628592964,-116.32537583170362
NV4068811634619960826,BOBS FLAT,1996,27890.0,40.685027795337156,-116.33971195604146
NV4054511625719960910,FRENCHY FLAT,1996,32401.0,40.5135713280763,-116.29797459689442
NV4113611796819960607,SILVER STATE,1996,2228.0,41.13769446822484,-117.96531498678351
NV4027111775119960607,KENNEDY COMPLEX,1996,1756.0,40.27169355719377,-117.74968962827529
NV4032611769419960607,SPRING,1996,1538.0,40.325357531084464,-117.70168820853337
NV4074411720419960708,CHERRY CR.,1996,2216.0,40.74350836944034,-117.20464897238965
NV4056911767919960715,SHEEPCREEK,1996,1322.0,40.56850753417994,-117.67919541561
NV4067711743919960715,BUFFALO,1996,1922.0,40.67781162461384,-117.4407956427335
NV4143511804519960724,SOD HOUSE,1996,1051.0,41.436624092382765,-118.04707843663388
NV4066711793919960724,ROCK HILL,1996,5691.0,40.6634736319283,-117.94320039074057
NV4137211700719960812,HUMBOLDT,1996,24283.0,41.37322448032463,-117.00682934470167
NV3990111921719960812,LITTLE VALLEY,1996,4723.0,39.89728108898334,-119.21641567588016
NV4133911718219960826,UPPER HUMBOLDT COMPLEX (GETCHELL),1996,31348.0,41.33706662368383,-117.17775716476196
NV4115111737319960826,UPPER HUMBOLDT COMPLEX (DUTCH FLAT),1996,71058.0,41.16425126032653,-117.3708834369787
NV4118711774819960826,WINNEMUCCA COMPLEX (BLOODY RUN),1996,35380.0,41.19347570137123,-117.73049909789181
NV4149411707519960826,UPPER HUMBOLDT COMPLEX (NORTH CHIMNEY),1996,15090.0,41.50120793859986,-117.06450196647103
NV4101711763219960827,WINNEMUCCA COMPLEX (PRAIRIE DOG),1996,1691.0,41.016297258818156,-117.6334043734793
NV4160911818719960826,COYOTE,1996,5373.0,41.614504832715674,-118.19001857160835
NV4054411774819960929,SPAULDING2,1996,11209.0,40.542910512730614,-117.71174007161382
CA3884712322219960925,BIGFOOT VMP,1996,2241.0,38.84778478719336,-123.22078309922834
CA3743412144319961018,DEER PARK,1996,2066.0,37.43321204348665,-121.4426815314469
CA3916212314219960415,COW MOUNTAIN VMP,1996,1691.0,39.16363251402006,-123.14143309620242
CA3656511897419960901,SHADE  1/4,1996,3515.0,36.56659327598664,-118.97488138510545
CA3759112046019960723,LA GRANGE,1996,1036.0,37.59007574957923,-120.45951757751155
CA3389011714719960523,UNNAMED,1996,1087.0,33.88990942500075,-117.14679508666457
CA3696412090419960512,UNNAMED,1996,1086.0,36.96540202467512,-120.90001581815244
CA3882912197319961026,UNNAMED,1996,2879.0,38.83131831539875,-121.97211715382106
CA3590111999919960501,HWY 41,1996,5214.0,35.89676970101231,-119.99785768772196
CA3935712151119961020,PALERMO,1996,1162.0,39.35798514260373,-121.51219905796735
CA4085712092119960816,DIXIE FIRE,1996,1326.0,40.857822942557135,-120.92363299424798
CA3834912245219960802,PGE 8,1996,2323.0,38.3494128603723,-122.4559257992029
CA3839512205519961026,GATES,1996,1516.0,38.39387811033753,-122.05436903102843
CA3337411651819960421,SHEEP,1996,1342.0,33.3743730847441,-116.5170928998232
CA3325811696019961021,RINCON,1996,2275.0,33.26926422717022,-116.9772177221049
CA3268311680619960110,HONEY,1996,3174.0,32.68758890008731,-116.80930670651018
CA3347011696619960602,DRIP,1996,1198.0,33.47345781094708,-116.95761406693079
CA3346111708119960629,PECHANGA,1996,1479.0,33.46409534396191,-117.07140534465948
CA3389511692519960629,CIRCLE,1996,1039.0,33.887593076406375,-116.93609638698346
CA3396111720119960630,KITCHING,1996,1363.0,33.96061085684997,-117.20079842864178
CA3403211746519960720,PHILADELPHIA,1996,1825.0,34.03483728199448,-117.46077815034921
CA3385611694319960812,WOLFSKILL,1996,13015.0,33.858843159629146,-116.94109163550749
CA3372911711819960829,DOUBLE,1996,1365.0,33.72998493134383,-117.11395670152774
CA3801412057319960812,LIGHTNING 12,1996,1226.0,38.01442418355941,-120.57093939541721
CA3543811731619960608,UNNAMED,1996,1075.0,35.437569314422866,-117.3147279116589
NV4185511763119960724,FLAT CREEK,1996,15716.0,41.85574931189873,-117.62965131933566
NV4192111742519960826,QUINN-ODELL,1996,58737.0,41.9159381413293,-117.42236156553624
NV4032311548319960826,RUBY COMPLEX (ROAD CANYON),1996,1386.0,40.32323389781253,-115.4848496464579
NV4103311515819960826,RUBY COMPLEX (SMILEY),1996,4320.0,41.03215023520296,-115.15664039159924
NV4161111751719960910,TOM BASIN,1996,1648.0,41.60934905153646,-117.5181208110139
NV3893511985819960623,AUTUMN HILLS,1996,4012.0,38.93715767785646,-119.85879513006633
NV3949111994219960805,BELLI,1996,6662.0,39.48854938593556,-119.94176125823822
NV3608511562519960818,SUN,1996,1164.0,36.095677419290745,-115.63779182235267
CA3427411782419960629,BICHOTA COMPLEX (BICHOTA),1996,1154.0,34.273957402850954,-117.8229228820249
CA3419611787919960824,RESERVOIR,1996,1532.0,34.19689461369675,-117.87941099668517
CA3458611866319960826,MARPLE,1996,20416.0,34.57943504925314,-118.65963335782823
CA3622211804719960715,SAGE FLAT,1996,1454.0,36.22626128203812,-118.03784814068955
CA3442611898019960428,GRAND,1996,10070.0,34.43276032738567,-118.977099102581
CA3491911980619960703,WASIOJA,1996,2989.0,34.9163979440223,-119.80815985997606
CA3492011967219960703,CUYAMA,1996,1663.0,34.90693277649919,-119.6806948967825
CA3459211877319960711,GORGE,1996,1716.0,34.59369222230658,-118.77400785302265
CA3595912138819961007,WILD,1996,24439.0,35.96346834320605,-121.40284110742853
CA3625912173919961018,SUR,1996,4214.0,36.259284478077525,-121.73841264619587
CA3920212274419960811,FORK,1996,83209.0,39.203968274565135,-122.75649911742155
CA4155512125019960826,AMBROSE COMPLEX (DAMON-LONG),1996,24090.0,41.55340211986922,-121.252437956816
CA4174812106319960828,DALTON 3,1996,2927.0,41.75209766404294,-121.06095543054793
CA3985012024819960725,MADALANNA,1996,4495.0,39.849031687516295,-120.24808957998329
CA4019512084019960809,COOKS,1996,1271.0,40.19529856080617,-120.84049183100021
CA3375811682119960629,BEE,1996,10113.0,33.757095521069395,-116.80962506222217
CA3358811678419960701,DIEGO,1996,1185.0,33.58660478930693,-116.7839151633621
CA3576311840619960624,SIERRA,1996,1151.0,35.763643037871944,-118.40520169160358
CA3606311866419960818,CHOLOLLO,1996,2850.0,36.063650248649346,-118.66424175408513
CA4018912300919960814,ROCK,1996,2251.0,40.18777549677685,-123.01125290000874
CA3742611981719960801,STUMPFIELD,1996,2949.0,37.427281747538125,-119.81940092571186
CA3689311934619960817,TRIMMER,1996,5694.0,36.885764578087766,-119.32764252568526
CA3789912011319960814,ROGGE,1996,17559.0,37.90076039770702,-120.12767014877487
CA3791311981819960814,ACKERSON COMPLEX (ACKERSON),1996,58161.0,37.911489936829135,-119.82442342814376
NV4021011548319960921,RUBY LAKE REFUGE,1996,3606.0,40.225767984501786,-115.50105470398677
NV3965411850519960304,WEST MARSH,1996,2494.0,39.65298861061821,-118.50599691443836
NV4185111936019961002,CATNIP,1996,10029.0,41.85078433360494,-119.35739086666975
CA4190612128619960810,HORSE,1996,2602.0,41.90914306202885,-121.28394080692198
CA3652111866219960726,CASTLE COMPLEX,1996,2896.0,36.52129118016759,-118.66290542883846
CA3646211843919960802,BIG ARROYO,1996,2875.0,36.45938026044579,-118.441381717129
CA3343611754219960608,UNNAMED,1996,1119.0,33.436213052967965,-117.5420681519126
CA3389011680219960912,UNNAMED,1996,1411.0,33.89001354407151,-116.80262162113466
CA3620812037719960512,UNNAMED,1996,1460.0,36.20528040928229,-120.37878637767841
CA3619712028419960512,UNNAMED,1996,2603.0,36.21859424974492,-120.29027660724053
CA3764812152619960706,UNNAMED,1996,2043.0,37.66434674232227,-121.53589706017075
CA3917412179519961027,UNNAMED,1996,1018.0,39.17242871610294,-121.79296600605399
CA4113312386819961003,COYOTE CREEK,1996,1494.0,41.13708143394438,-123.88205771145503
CA3786112048419960901,UNNAMED,1996,5260.0,37.86043076438633,-120.48253080166916
CA3790012055119960812,BASE LINE,1996,3327.0,37.90614449538608,-120.53107086931763
CA3757312040419961130,DRY CREEK,1996,1275.0,37.563609950168306,-120.5382975565871
CA3591712091819960501,HWY 41,1996,9537.0,35.81157909405464,-120.80144124658209
CA3855712103319960802,SCOTT,1996,8828.0,38.55290205450097,-121.04797116625167
CA3309511719319961021,HARMONY,1996,9289.0,33.095926566174775,-117.19751664086644
NV3919911880119960607,DESERTPEAK,1996,9320.0,39.199671310855614,-118.79997337504985
NV4128811976919960814,CORRAL,1996,6660.0,41.290043512070994,-119.76661221299737
CA3595212127819960528,UNNAMED,1996,19243.0,35.91652977205656,-121.18655494525429
CA3259211687119961022,OTAY 322,1996,12238.0,32.59247849727149,-116.87427019285569
NV4192111832719960826,KINGS 2,1996,14310.0,41.919692683598605,-118.3234458612209
CA3405411871719961021,CALABASAS,1996,12340.0,34.06338264781415,-118.71995685461265
CA3534412027619960815,FIFTY-EIGHT,1996,94704.0,35.33843673741102,-120.26620558124442
NV4104211778619960826,WINNEMUCCA COMPLEX (WINNEMUCCA),1996,25594.0,41.032039577385575,-117.79654492293075
CA3296811685119980831,WILDCAT,1998,3622.0,32.967846822404184,-116.85593164352652
CA3647112115219980803,STONEWALL,1998,2974.0,36.46759155796416,-121.15453495280775
CA3687811925919980917,OAT MT,1998,1788.0,36.880502555522746,-119.26421992749373
CA3536311779319980801,GARLOCK 2,1998,1535.0,35.363857889319064,-117.79193073799674
CA3389611699519981005,EDNA,1998,27561.0,33.89104359132365,-116.97316300413432
CA3893112229619980829,MIDDLE,1998,6385.0,38.92785603514922,-122.29300006190496
CA4097912029519980831,MCDONALD,1998,3278.0,40.97973160015373,-120.2927144663134
NV4003911609619980830,ALPHA,1998,2790.0,40.04565758465575,-116.10793301186654
NV4024511967719980718,BIA7,1998,10810.0,40.240505862114674,-119.68504365808634
NV4089711657519980823,BOULDER VALLEY,1998,7492.0,40.89240249392973,-116.5709863161582
NV4065111619819980823,MM272,1998,4315.0,40.64910256216305,-116.20160672764248
NV3850711501219980813,HOTFLASH,1998,1164.0,38.50621206573325,-115.010370583114
NV4086611785619980729,AIRPORT,1998,2858.0,40.865538692048894,-117.85267204518136
NV4081511806819980814,KEYSTONE,1998,14499.0,40.804263767452504,-118.07176521930582
NV4056611780919980814,SPAULDING,1998,5872.0,40.56404033634133,-117.80817641384775
CA3454212045819981006,JALAMA,1998,3558.0,34.54189897707305,-120.45853882720368
CA3302711650819980701,CHARIOT,1998,2147.0,33.02806776911518,-116.50969648884109
CA3568911960919980815,UNNAMED,1998,1757.0,35.68702358484955,-119.60929940332893
CA3598811997919980815,UNNAMED,1998,1595.0,35.989047487377434,-119.98149783072229
CA3602712010519980730,UNNAMED,1998,1792.0,36.02710487566723,-120.10414536433348
CA3402811724319980727,STALLION FIRE,1998,1041.0,34.02877700009626,-117.24264192034958
CA3581412079719980611,UNNAMED,1998,8950.0,35.81194293433281,-120.79677309321973
CA3537111878719980708,BRECK,1998,3475.0,35.3716176726916,-118.78548438104959
CA3554811897419980711,AERA,1998,2063.0,35.548573477305084,-118.97519009829188
CA3540711879119980902,BRECKENRIDGE,1998,1335.0,35.41060185254692,-118.80277240344432
CA3688212081319980710,MERCY,1998,5005.0,36.883362193603226,-120.81113667800568
CA3260511673319980717,SUMMIT,1998,1045.0,32.60600036262111,-116.73311269186861
CA3914812140319980904,BEALE ASSIST,1998,1294.0,39.15630459585493,-121.40481383975832
CA3402711748319980809,COUNTRY,1998,1346.0,34.027382096552344,-117.48397835007295
CA3376911708019980831,JUNIPER,1998,6441.0,33.76502682797351,-117.07787198745567
CA3381411748319980831,WEIRICK,1998,2498.0,33.81600070594275,-117.4811872532345
CA3398211702219981005,TAYLOR,1998,2040.0,33.983278401310095,-117.02528989178442
CA3783112171619980504,GREENRIDGE 6,1998,1468.0,37.827934728968714,-121.7162565595987
CA3772812166319980829,580,1998,1108.0,37.728097116817864,-121.66596214599225
CA4041112189919980802,POWERHOUSE,1998,1708.0,40.405083560368716,-121.91296265934747
CA4036812200519980802,MANTON 3,1998,1379.0,40.36809187468708,-122.0034634966328
CA3333311739419980716,UNNAMED,1998,1710.0,33.333299827670416,-117.39322561956145
CA3342511745419980716,UNNAMED,1998,1914.0,33.42431149529915,-117.46381405104286
CA3593312117019980806,UNNAMED,1998,5341.0,35.928921745912874,-121.16674679071069
CA3598812129919980721,UNNAMED,1998,2861.0,35.98827174393601,-121.29780658161779
CA3732211861819980829,TOM,1998,3366.0,37.32450045475446,-118.61893283112472
CA3461311962519981016,OGILVY,1998,4048.0,34.597978250938596,-119.63455583156103
CA4176212055219980822,NORTH CROWDER,1998,2589.0,41.7649530460306,-120.55279730152246
CA3456611968919981016,UNNAMED,1998,1942.0,34.56504413816667,-119.69028373334636
CA4055412129419981007,FANTASTIC,1998,1555.0,40.53249538226076,-121.2921884871171
CA4113912387919980827,COYOTE,1998,1824.0,41.139662480752655,-123.88091093887128
CA3682111867219981013,LEWIS CREEK,1998,1829.0,36.82207934898781,-118.67108430986691
CA4065312264519980930,MILL RX,1998,1059.0,40.65421416055494,-122.64375161067794
CA3780711979919981013,ASPEN PW 2,1998,3011.0,37.80663800207966,-119.79556021995161
CA3372111768219980902,UNNAMED,1998,7099.0,33.71330158350209,-117.68527684789494
CA4188312166019980804,REFUGE,1998,9960.0,41.8840591357982,-121.65024645615408
CA3564511843519980831,YANKEE,1998,1375.0,35.640740149458736,-118.44747406422843
OR4223211943319980930,BEATTY BT,1998,1438.0,41.87898733535913,-119.7507878900825
CA3442211887219981018,PIRU,1998,10571.0,34.42451879958785,-118.86231106596858
CA3602012003120020725,UNNAMED,2002,1752.0,36.019333408804876,-120.03042879464074
CA3560711850020020615,BOREL,2002,3490.0,35.611902897864596,-118.49705221505434
CA3543312052720020719,HIGHWAY 58,2002,1393.0,35.43247659677434,-120.52785485000416
CA3865011956720020713,SLINKARD,2002,8906.0,38.65238552025143,-119.56267631476537
CA4061112052020020712,BLACK,2002,1696.0,40.6133709225517,-120.53621993646297
CA4063212010220020713,RUSH,2002,5191.0,40.633361475234885,-120.0908770629576
NV3929111776920020714,PONY EXPRESS,2002,1967.0,39.29100830457783,-117.76748388798522
NV3767611527220020720,MAILSUMMIT,2002,1146.0,37.67607262998331,-115.27145809635707
NV4128811776920020712,MUD SPRINGS,2002,7498.0,41.283898177567444,-117.78582910625865
NV4078111966220020713,TIN CANYON,2002,1103.0,40.78075679434253,-119.66200976782694
NV4005011861820020929,TOULON,2002,1175.0,40.04922125723613,-118.61970121260309
CA3605212108120021018,BOEKENOOGEN RI,2002,1008.0,36.05377643899181,-121.07854665695966
CA3388511768120020727,UNNAMED,2002,1007.0,33.885591193326,-117.67983355813413
CA3636912148720020716,UNNAMED,2002,1232.0,36.371907128442906,-121.48745045194538
CA3458511827520020903,LEONA,2002,5089.0,34.584570140978464,-118.27284431766334
CA3419611724120020531,ARROWHEAD,2002,2621.0,34.19877543055284,-117.23966809355805
CA3968612171620020608,SKYWAY,2002,2179.0,39.68514631085989,-121.71644674773613
CA3282611639220020619,TROY,2002,1279.0,32.8259783019953,-116.39223599246382
CA3445911827720020914,OASIS,2002,1199.0,34.45712225910416,-118.27502332265558
CA3889312226520021001,16,2002,1522.0,38.89059264835903,-122.26429686042472
CA3604212123920020710,SULPHUR SPRINGS,2002,1875.0,36.03980734728194,-121.23924245255498
CA3886212292420021125,PINE,2002,1066.0,38.863698339092004,-122.92550876046161
CA3314611657420020729,PINES,2002,65407.0,33.13290247552371,-116.51746794461074
CA3360011760620020513,ANTONIO,2002,1282.0,33.599746462797505,-117.6041961323186
CA3385211768520020209,GREEN,2002,2028.0,33.853626314498,-117.68501939615032
CA3455811979820020226,SAGE/ALISO,2002,1735.0,34.557947740473544,-119.79715298521783
CA3707812176320020923,CROY,2002,3109.0,37.07140827570247,-121.76461174839106
CA3568912021220020609,DAVIS,2002,2182.0,35.683987566843,-120.21515528960026
CA3593111892520020622,STAGE,2002,1179.0,35.929272302940475,-118.92140726912486
CA3591512120920020614,UNNAMED,2002,3427.0,35.91460569054489,-121.20695231453078
NV3893111775020020713,ELLSWORTH,2002,4528.0,38.933401774762544,-117.74954131043305
NV3614911560420020714,LOST CABIN,2002,4555.0,36.151361849620066,-115.60140638835136
CA3453911843620020511,BOUQUET,2002,4644.0,34.54458789162125,-118.43032558159814
CA3455811848220020605,COPPER,2002,19048.0,34.551829728683266,-118.49240910145517
CA3474011878120020618,COPCO,2002,1512.0,34.73830610204816,-118.77746071998702
CA3430611781520020901,CURVE,2002,20565.0,34.307452474472264,-117.81196478062505
CA3419511777720020922,WILLIAMS,2002,37505.0,34.19609132584736,-117.78019263680885
CA3344211748120020513,MATEO,2002,3085.0,33.44048739400652,-117.49909447650572
CA3874612039820021125,PLUM,2002,1847.0,38.743298118647886,-120.3942123214114
CA3753911866320020701,BIRCH,2002,2601.0,37.535912196222945,-118.66175983957702
CA3710411837420020711,INYO COMPLEX (FULLER),2002,6696.0,37.10482815174335,-118.3741690681604
CA4127312332120020609,FORKS,2002,1488.0,41.2726885497171,-123.32119165354041
CA4166912331420020722,STANZA,2002,3091.0,41.66950818856713,-123.31750212986334
CA4075212115820020926,CONE,2002,1788.0,40.75183676306566,-121.16129707691039
CA3459311921120020601,WOLF,2002,21097.0,34.595839635839695,-119.28086524674981
CA3431211744420020616,BLUECUT,2002,7199.0,34.3193458119447,-117.44508147952611
CA3429011747320020626,LOUISIANA,2002,6651.0,34.29268135211432,-117.47416295660362
CA3606711840020020721,MCNALLY,2002,146540.0,36.07269165462504,-118.40370058370623
CA4146112251620020713,MUSSOLINI,2002,3109.0,41.46414190923418,-122.51641792995058
OR4244112390420020713,BISCUIT COMPLEX (BISCUIT),2002,495308.0,42.22919857067956,-123.92409725011942
CA3459411948820020623,UNNAMED,2002,2447.0,34.593033390829504,-119.49445551955482
CA4058712254820021120,PANTHER,2002,1372.0,40.58493118691926,-122.52385073434301
CA3705511853620020826,PALISADE,2002,1048.0,37.05557603597395,-118.5343931057129
CA3644111867320021010,TAR GAP RX,2002,1133.0,36.4417479964663,-118.6727831059483
CA3787411965320020711,WOLF,2002,1866.0,37.87337129580936,-119.66293640760153
CA3778911976020021003,PW-03 GIN FLAT,2002,3424.0,37.78743667028382,-119.76370948663086
CA4196312172520020924,6 A,2002,1219.0,41.9621439068739,-121.72152693153771
CA4190112170720021121,UNIT 13 A,2002,1448.0,41.900692775648594,-121.70726611601839
CA3655911908320020917,MORGAN CANYON VMP,2002,1811.0,36.55485089416754,-119.08608839714489
OR4201212102820021007,BRADY BUTTE,2002,3061.0,42.025467665728094,-121.01722710533829
NV4093911700520020201,IZZENHOOD,2002,2563.0,40.990989684944886,-116.98771028569452
NV3973711910820020916,TWO TIPS,2002,1003.0,39.75178471964116,-119.15766265974472
CA3515112046320021030,DYKE DAVID TALLEY VMP,2002,1434.0,35.14340854925731,-120.46336848544502
CA3455012052820020615,SUDDEN RANCH,2002,7840.0,34.546395098078506,-120.52143750558818
CA3339511726820020210,GAVILAN,2002,5603.0,33.387723907266036,-117.27793044722708
CA3848811946420020615,CANNON,2002,23605.0,38.48853445359207,-119.45168020139019
CA3859811954820040625,DANA,2004,3056.0,38.599273677789554,-119.54640441678343
CA3399011668120040512,COTTONWOOD,2004,1874.0,33.98946852061497,-116.68412446965803
CA3360811688220040717,MELTON,2004,3958.0,33.607111663298035,-116.88322286374269
CA3258511651420040913,BORDER,2004,1680.0,32.59034501955558,-116.51152946486214
CA4074012270320040814,FRENCH,2004,13683.0,40.71150766052884,-122.65587192373785
CA3872912274620040903,GEYSERS,2004,12075.0,38.72804284184086,-122.74252071749721
CA3875712227420041010,RUMSEY,2004,39335.0,38.76730162710967,-122.27827050500976
NV3935311973720040825,ANDREW,2004,2926.0,39.36106313736359,-119.72659169572782
NV3998211549920040708,CHROME,2004,5113.0,39.98914039196622,-115.50069238685438
CA3963312262820040115,GRINDSTONE BRUSH (GS),2004,1360.0,39.6322315131668,-122.628730265385
CA4195112245520040724,IRONGATE,2004,2340.0,41.95046088432696,-122.45330063844155
CA3435511749720040907,RUNWAY,2004,1415.0,34.35640653536896,-117.49628789433628
CA3959712149920040811,OREGON,2004,1983.0,39.59887022730549,-121.50013026455854
CA3623712057320040711,GATOS,2004,1007.0,36.23667937626334,-120.57173956046091
CA3338111731820040502,INDIA,2004,2135.0,33.38260176463809,-117.31690512512617
CA3748711994820040912,OLD HWY,2004,1395.0,37.48747186228464,-119.94836091261587
CA3741912166620040808,KINCAID,2004,1219.0,37.4179645338599,-121.66620365000463
CA3791712067420040806,CALAVERAS COMPLEX,2004,3682.0,37.919227896527886,-120.68079945516362
CA3817312087120040903,PATTISON,2004,2863.0,38.175554931057526,-120.87399988081481
CA3818712042520040806,ARMSTRONG,2004,1079.0,38.18759973842795,-120.42270950480253
NV3954811997920040630,MID-BULL,2004,1250.0,39.54875021102968,-119.97932001120563
NV3917011981620040714,WATERFALL,2004,8690.0,39.17343729484844,-119.81500964514048
CA3474111860820040712,PINE,2004,18309.0,34.745776251932874,-118.6029138357033
CA3437011847020040717,CROWN COMPLEX (FOOTHILL),2004,6464.0,34.372679082095004,-118.46325076954673
CA3445411811320040720,CROWN COMPLEX (CROWN),2004,12474.0,34.454813479392215,-118.1070831179239
CA3459711869120040807,EAST,2004,1403.0,34.597651297002464,-118.69231491997901
CA3850212028020041006,POWER,2004,17266.0,38.50648093529974,-120.27314395587389
CA3878712031820041013,FREDS,2004,8147.0,38.787543300386254,-120.31428720324445
CA4082612107820040722,STRAYLOR,2004,3492.0,40.82760848407114,-121.07697752980614
CA3472411990120040503,CACHUMA,2004,1067.0,34.72464962907466,-119.90015293990437
CA4070212354420040728,SIMS,2004,3807.0,40.70154607571289,-123.54097016151321
CA3350011684320040425,PLEASURE,2004,2609.0,33.499096760679585,-116.84237055005246
CA3387811670420040711,VERBENIA,2004,3999.0,33.880845971125346,-116.70042216705642
CA3617411872220040812,DEEP,2004,3371.0,36.176620735001634,-118.72127034906833
CA4071812219420040811,BEAR,2004,10972.0,40.72323993765166,-122.20030385452225
CA3788611994620040809,EARLY,2004,1720.0,37.886193120292305,-119.94539549323252
CA3762512119620040719,PELICAN,2004,1459.0,37.622455831991395,-121.195047232213
NV3647111634920040801,LONGSTREET,2004,1628.0,36.47002536593087,-116.34754639363325
CA4050712133920040704,BLUFF WFU,2004,3415.0,40.502404493375835,-121.34199255252813
CA4059012252520040321,POWER TOWER,2004,1564.0,40.590824463958576,-122.52410505424092
CA3767611954520040701,MEADOW COMPLEX (MEADOW),2004,4921.0,37.67298890531429,-119.55332999097958
CA3796411972720041015,HETCHY,2004,2057.0,37.969456917186086,-119.71183885893271
NV3831311552620040723,TROY CANYON,2004,1976.0,38.3142012243371,-115.52577697871497
CA4197812162420040322,OREMS III,2004,1077.0,41.976420617659805,-121.62419287258398
CA3322011664620040713,MATAGUAY,2004,9087.0,33.211166602886735,-116.64262012002834
CA3348111700420040502,EAGLE,2004,9132.0,33.48214372112776,-116.99866695706429
CA3376011738120040503,CERRITO,2004,18605.0,33.76261439589847,-117.3866701930341
CA3448712019620040605,GAVIOTA,2004,7520.0,34.484738184870764,-120.19208516809853
NV3974111937320000629,JONES,2000,3025.0,39.740888248677784,-119.37150681263319
CA3593011818220000722,MANTER,2000,76158.0,35.94665568636861,-118.17701121124735
CA3630911886720001002,BLUE RIDGE,2000,1169.0,36.308927483541225,-118.8675503085776
CA3853611952920000801,GOLDEN,2000,1732.0,38.53861757911149,-119.53028269262826
CA3335511669120000412,ROCKY MTN,2000,2093.0,33.355035878783426,-116.69078315808855
CA3263311666820000629,BARRETT,2000,1534.0,32.63241565239795,-116.66976238498424
CA3891112253920000726,MORGAN,2000,3325.0,38.91100363416871,-122.53731491765501
CA3972512153120000919,CONCOW,2000,1761.0,39.72130497456699,-121.53490944081693
CA3990812262720000929,WEINSTEIN,2000,7980.0,39.91169809127328,-122.6266459123039
CA4010312006820000629,TURTLE,2000,1245.0,40.1060029814069,-120.06902254350805
NV3971211698920000719,BERNDT,2000,3144.0,39.71142211694686,-116.98659760649036
NV4039711692220000812,WHISKEY,2000,1496.0,40.39648669540499,-116.92013210678306
NV3955111964820000625,8TH HOLE,2000,1228.0,39.55140234958579,-119.64938970194561
NV3981111977920000628,ANTELHUNG,2000,7388.0,39.797556892612256,-119.77287468432033
NV3959111961420000628,CANOE,2000,2060.0,39.58943870817408,-119.61969854410829
NV3949111933320000629,RAMSEY,2000,7999.0,39.49220751299037,-119.33124252690862
NV3970611763920000701,EDWARDS CREEK,2000,2157.0,39.70573262833973,-117.6402373383465
NV3999711796820000725,COTTONWOOD,2000,5562.0,39.99487403706934,-117.96324755899863
NV3964711778520000801,TWIN PEAKS,2000,36801.0,39.628820104940395,-117.83653671583163
NV3973711994020000801,RED ROCK 2,2000,2941.0,39.7492277352588,-119.93482899851966
NV3903611944820001020,COMO,2000,1802.0,39.03669645095095,-119.44795096207464
NV4026811634120000710,LINKA,2000,3602.0,40.265211697610184,-116.34005345407817
NV4023111646220000717,BEOWAWE,2000,14253.0,40.234984754702545,-116.46455400066844
NV4108511577020000801,ADOBE,2000,7138.0,41.08369961489954,-115.76786979574608
NV4131611544620000801,SHEEP PEN,2000,2630.0,41.3167410483176,-115.44620569643344
NV4154711571820000801,VEGA,2000,2894.0,41.54704106991067,-115.71681167371607
NV4168511495520000802,COLD SPRINGS,2000,9290.0,41.69178558110961,-114.94035385682037
NV4150611657720000802,THREE MILE,2000,3743.0,41.50952193628348,-116.57870248944435
NV4023811509920000804,RABBIT,2000,6631.0,40.236120161496,-115.1031154321279
NV4014711581220000625,RAILROAD PASS,2000,4892.0,40.16022807891933,-115.78507247052833
NV3969211580020000709,STRAWBERRY,2000,1670.0,39.69083569419795,-115.8018539419021
NV3941611510220000802,CRUSOE,2000,1748.0,39.41829300857087,-115.10408437682673
NV4012411525420000819,WILLOW,2000,1253.0,40.12424374567359,-115.24993192219318
NV4158311803020000717,BILK CREEK COMPLEX (DOUBLE H),2000,69694.0,41.59742756295307,-118.02677730454238
NV4162311827520000717,BILK CREEK COMPLEX (CHERRY CREEK),2000,22988.0,41.61419002565109,-118.28978954435837
NV4063411813020000717,PRINCE ROYAL COMPLEX,2000,14549.0,40.625980627148365,-118.12827423087569
NV4169611774620000717,BILK CREEK COMPLEX (WILLOW CREEK),2000,1175.0,41.69542503448762,-117.74809235514729
NV4071411752020000717,GREGG CANYON,2000,1856.0,40.71365487564834,-117.51988285389955
NV4101611790220000802,JUNGO COMPLEX,2000,3820.0,41.02180773823541,-117.90474498962429
NV4067711880120000802,COW CREEK,2000,10597.0,40.68223813876998,-118.79947540272384
NV4098611759420000807,MM 185,2000,1899.0,40.985528870690665,-117.59335069254256
NV3988011917620000804,TRUCKEE,2000,16357.0,39.908963276468434,-119.18689969358215
NV4051011878720000813,S WILLOW,2000,15021.0,40.50722094632774,-118.78320430115164
NV4152811891720000908,MAHOGANY,2000,13235.0,41.531510020168085,-118.91463511152226
NV4116411747220000622,SALT DESERT COMPLEX (BOX CANYON),2000,1113.0,41.16432170110712,-117.47092573525423
NV4074511768120000630,ELBOW,2000,1193.0,40.74427565590176,-117.68185440889886
NV4123711703420000630,KELLY CREEK,2000,38495.0,41.256599928520544,-117.00923655779364
CA3583012079620000624,UNNAMED,2000,1820.0,35.82777722765719,-120.79690222511138
CA3773912020320001004,BONEYARD VMP,2000,1654.0,37.73932480007189,-120.20296472842959
CA3478112048620000913,HARRIS,2000,9102.0,34.795156593703545,-120.50047769152467
CA3580712081720000616,UNNAMED,2000,1601.0,35.80586025546847,-120.81451471239995
CA3525911854920000802,PEAK,2000,1316.0,35.26192368303315,-118.55189432490229
CA3419011868620000612,CALABASAS,2000,1068.0,34.19010655296594,-118.68414433523468
CA4043712078220000722,GOAT,2000,1221.0,40.43644284536962,-120.78229970724445
CA3852912224420000613,BERRYESSA,2000,4826.0,38.52720958819247,-122.24352148930272
CA3875312257120001102,HIDDEN,2000,3017.0,38.75516069984988,-122.56815869967649
CA3771612024820000702,GRANITE,2000,1922.0,37.71639236792727,-120.25047527498596
CA3708512107720000809,ROMERO,2000,1583.0,37.085201877914066,-121.07651773581672
NV3944211983520000801,UNNAMED,2000,2875.0,39.44075559092648,-119.83769066010987
NV3958211987320000709,SENECA,2000,1066.0,39.58211658335323,-119.87406311063619
CA3590912120220000811,UNNAMED,2000,4615.0,35.90958040249732,-121.19257352595451
NV4174611519520000801,CAMP CREEK,2000,31760.0,41.73214392654964,-115.19802048608139
NV4198611570220000803,MCDONALD CREEK,2000,10394.0,41.98895328529814,-115.70303919129034
NV3871611728220000722,WALL CANYON,2000,7420.0,38.71830875150814,-117.28253082154248
NV3636611578520000603,BUCK SPRINGS,2000,2233.0,36.365867827975606,-115.78907590734595
CA3341911701720000729,PECHANGA,2000,11879.0,33.42074446788794,-117.01977841237814
CA4186612288320000721,BARK,2000,1897.0,41.86575034480885,-122.88394831473782
CA3592412141420000722,PLASKETT 2,2000,5825.0,35.92776655293089,-121.42410931616669
CA3960712265220000331,TOWN,2000,2483.0,39.62636630402647,-122.68311558306466
CA3945512285120000401,CABBAGE,2000,1505.0,39.45291596549093,-122.85278274135942
CA4033312336620001007,JOURNEY,2000,1032.0,40.332181617465395,-123.36974854135515
CA4002712128720000817,STORRIE,2000,49588.0,40.025627820897725,-121.30669108382435
CA3549111846320000801,KINGS,2000,3131.0,35.49264604081077,-118.46647817470395
CA3606711705920000722,HAPPY,2000,5987.0,36.06877231507015,-117.05506605336379
CA3583612077320000616,UNNAMED,2000,1825.0,35.831003497148316,-120.77347745521804
CA3959912231720000505,UNNAMED,2000,1112.0,39.59932365183316,-122.31514170313527
NV3971611978420000702,UNNAMED,2000,3918.0,39.72234740664633,-119.79025721184436
CA3625712072920000803,NORTH FORK,2000,1896.0,36.25845852769105,-120.72694383597832
CA4191912170220001002,12 B,2000,1934.0,41.91832557005796,-121.67552652339778
CA4198712179620001208,UNIT 2,2000,2119.0,41.986672457681074,-121.79450261735998
CA4190012170920001208,UNIT 13,2000,1028.0,41.900114690268424,-121.70552100011358
CA3656811908120001004,BEAR FLAT GRAPEVINE VMP,2000,1669.0,36.572468522243796,-119.07128085875964
CA3463811989420000108,LAZARO VMP,2000,5268.0,34.63767250161852,-119.89191802896579
CA3761412016920000830,HUNTER,2000,7734.0,37.61246213711748,-120.1713117218894
CA3515111961720000722,SHELL,2000,5726.0,35.150435383967775,-119.61917961617362
